<application>
  <component name="AndroidLogcatFilterHistory">
    <option name="nonFavorites">
      <list>
        <option value="package:mine " />
        <option value="package:com.arms.sample" />
        <option value="package:mine channel:" />
        <option value="package:mine" />
        <option value="package:mine level:error " />
        <option value="com.video.link.heart" />
        <option value=" -v threadtime -g tid" />
        <option value="com.arms.sample" />
        <option value="com.example.fluttertutorial" />
        <option value="package:" />
        <option value="package:com.syyk.process" />
      </list>
    </option>
  </component>
</application>