<application>
  <component name="FileTypeManager" version="18">
    <extensionMap>
      <mapping pattern="channel" type="AUTO_DETECTED" />
      <mapping ext="plist" type="AUTO_DETECTED" />
      <mapping ext="gradle.kts" type="Kotlin" />
      <mapping ext="main.kts" type="Kotlin" />
      <mapping pattern=".ideavimrc" type="PLAIN_TEXT" />
      <mapping pattern="flagstate" type="PLAIN_TEXT" />
      <mapping pattern="state" type="PLAIN_TEXT" />
      <mapping pattern="status" type="PLAIN_TEXT" />
      <mapping ext="" type="PLAIN_TEXT" />
      <removed_mapping ext="apk" approved="true" type="ARCHIVE" />
      <removed_mapping ext="pro" approved="true" type="DeviceSpecFile" />
      <removed_mapping ext="psd" approved="true" type="Image" />
      <removed_mapping ext="qrc" approved="true" type="XML" />
    </extensionMap>
  </component>
</application>