<application>
  <component name="UpdatesConfigurable">
    <ignoredBuildNumbers>
      <item value="201.8743.12.41.6953283" />
      <item value="platforms;android-29#5" />
      <item value="platform-tools#33.0.0" />
      <item value="platform-tools#33.0.1" />
      <item value="emulator#31.2.9" />
      <item value="emulator#31.2.10" />
      <item value="cmdline-tools;latest#7.0" />
      <item value="platform-tools#33.0.2" />
      <item value="emulator#31.3.10" />
      <item value="platform-tools#33.0.3" />
      <item value="emulator#31.3.11" />
      <item value="emulator#31.3.12" />
      <item value="emulator#31.3.13" />
      <item value="cmdline-tools;latest#8.0" />
      <item value="emulator#31.3.14" />
      <item value="cmdline-tools;latest#9.0" />
      <item value="emulator#31.3.15" />
      <item value="emulator#32.1.11" />
      <item value="platform-tools#34.0.0" />
      <item value="ndk-bundle#22.1.7171670" />
      <item value="platform-tools#34.0.1" />
      <item value="emulator#32.1.12" />
      <item value="platform-tools#34.0.3" />
      <item value="system-images;android-33;google_apis;x86_64#11" />
      <item value="system-images;android-33;google_apis;x86_64#12" />
      <item value="platform-tools#34.0.4" />
      <item value="system-images;android-33;google_apis;x86_64#13" />
      <item value="cmdline-tools;latest#11.0" />
      <item value="platforms;android-33#3" />
      <item value="platforms;android-34#2" />
      <item value="cmdline-tools;latest#12.0.0 rc15" />
      <item value="emulator#34.1.2" />
      <item value="ndk-bundle#23.0.7344513 rc4" />
    </ignoredBuildNumbers>
    <option name="LAST_BUILD_CHECKED" value="AI-232.9921.47.2321.10809744" />
    <option name="LAST_TIME_CHECKED" value="1695081428762" />
    <option name="OBSOLETE_CUSTOM_REPOSITORIES_CLEAN_NEEDED" value="false" />
    <pluginHosts>
      <item value="https://plugins.jetbrains.com/plugins/eap/ideavim" />
    </pluginHosts>
    <option name="THIRD_PARTY_PLUGINS_ALLOWED" value="true" />
    <option name="UPDATE_CHANNEL_TYPE" value="eap" />
  </component>
</application>